{
    "perplexity": 0.0,
    "bleu": 0.018110583129679947,
    "rouge": 0.14458513088317845,
    "accuracy": 0.8
}